arquivo,caminho,pasta,extensao,tamanho_bytes,tamanho_mb,modificado_em
base_bcb_sgs_mensal_larga.csv,data/final/bcb_sgs/base_bcb_sgs_mensal_larga.csv,data/final/bcb_sgs,.csv,17272,0.0165,2026-07-17 11:23:37
base_bcb_sgs_mensal_larga.json,data/final/bcb_sgs/base_bcb_sgs_mensal_larga.json,data/final/bcb_sgs,.json,81083,0.0773,2026-07-17 11:23:37
base_bcb_sgs_mensal_larga.parquet,data/final/bcb_sgs/base_bcb_sgs_mensal_larga.parquet,data/final/bcb_sgs,.parquet,38408,0.0366,2026-07-17 11:23:37
base_bcb_sgs_mensal_larga.xlsx,data/final/bcb_sgs/base_bcb_sgs_mensal_larga.xlsx,data/final/bcb_sgs,.xlsx,19389,0.0185,2026-07-17 11:23:37
base_bcb_sgs_mensal_longa.csv,data/final/bcb_sgs/base_bcb_sgs_mensal_longa.csv,data/final/bcb_sgs,.csv,173882,0.1658,2026-07-17 11:23:37
base_bcb_sgs_mensal_longa.json,data/final/bcb_sgs/base_bcb_sgs_mensal_longa.json,data/final/bcb_sgs,.json,470316,0.4485,2026-07-17 11:23:37
base_bcb_sgs_mensal_longa.parquet,data/final/bcb_sgs/base_bcb_sgs_mensal_longa.parquet,data/final/bcb_sgs,.parquet,15258,0.0146,2026-07-17 11:23:37
base_bcb_sgs_mensal_longa.xlsx,data/final/bcb_sgs/base_bcb_sgs_mensal_longa.xlsx,data/final/bcb_sgs,.xlsx,56077,0.0535,2026-07-17 11:23:37
dicionario_variaveis_bcb_sgs.csv,data/final/bcb_sgs/dicionario_variaveis_bcb_sgs.csv,data/final/bcb_sgs,.csv,5087,0.0049,2026-07-17 11:23:37
dicionario_variaveis_bcb_sgs.json,data/final/bcb_sgs/dicionario_variaveis_bcb_sgs.json,data/final/bcb_sgs,.json,13257,0.0126,2026-07-17 11:23:37
dicionario_variaveis_bcb_sgs.parquet,data/final/bcb_sgs/dicionario_variaveis_bcb_sgs.parquet,data/final/bcb_sgs,.parquet,8048,0.0077,2026-07-17 11:23:37
dicionario_variaveis_bcb_sgs.xlsx,data/final/bcb_sgs/dicionario_variaveis_bcb_sgs.xlsx,data/final/bcb_sgs,.xlsx,7015,0.0067,2026-07-17 11:23:37
resumo_disponibilidade_bcb_sgs.csv,data/final/bcb_sgs/resumo_disponibilidade_bcb_sgs.csv,data/final/bcb_sgs,.csv,2141,0.002,2026-07-17 11:23:37
resumo_disponibilidade_bcb_sgs.json,data/final/bcb_sgs/resumo_disponibilidade_bcb_sgs.json,data/final/bcb_sgs,.json,8655,0.0083,2026-07-17 11:23:37
resumo_disponibilidade_bcb_sgs.parquet,data/final/bcb_sgs/resumo_disponibilidade_bcb_sgs.parquet,data/final/bcb_sgs,.parquet,5292,0.005,2026-07-17 11:23:37
resumo_disponibilidade_bcb_sgs.xlsx,data/final/bcb_sgs/resumo_disponibilidade_bcb_sgs.xlsx,data/final/bcb_sgs,.xlsx,6374,0.0061,2026-07-17 11:23:37
base_conjuntura_mensal.csv,data/final/consolidada/base_conjuntura_mensal.csv,data/final/consolidada,.csv,34128,0.0325,2026-07-17 11:23:37
base_conjuntura_mensal.json,data/final/consolidada/base_conjuntura_mensal.json,data/final/consolidada,.json,161663,0.1542,2026-07-17 11:23:37
base_conjuntura_mensal.parquet,data/final/consolidada/base_conjuntura_mensal.parquet,data/final/consolidada,.parquet,71424,0.0681,2026-07-17 11:23:37
base_conjuntura_mensal.xlsx,data/final/consolidada/base_conjuntura_mensal.xlsx,data/final/consolidada,.xlsx,33108,0.0316,2026-07-17 11:23:37
resumo_disponibilidade_consolidada.csv,data/final/consolidada/resumo_disponibilidade_consolidada.csv,data/final/consolidada,.csv,4714,0.0045,2026-07-17 11:23:37
resumo_disponibilidade_consolidada.json,data/final/consolidada/resumo_disponibilidade_consolidada.json,data/final/consolidada,.json,18442,0.0176,2026-07-17 11:23:37
resumo_disponibilidade_consolidada.parquet,data/final/consolidada/resumo_disponibilidade_consolidada.parquet,data/final/consolidada,.parquet,6837,0.0065,2026-07-17 11:23:37
resumo_disponibilidade_consolidada.xlsx,data/final/consolidada/resumo_disponibilidade_consolidada.xlsx,data/final/consolidada,.xlsx,7778,0.0074,2026-07-17 11:23:37
bcb_sgs_cambio_compra_usd.json,data/final/dashboard/bcb_sgs_cambio_compra_usd.json,data/final/dashboard,.json,51975,0.0496,2026-07-17 11:23:38
bcb_sgs_cambio_venda_usd.json,data/final/dashboard/bcb_sgs_cambio_venda_usd.json,data/final/dashboard,.json,51976,0.0496,2026-07-17 11:23:38
bcb_sgs_cdi.json,data/final/dashboard/bcb_sgs_cdi.json,data/final/dashboard,.json,52174,0.0498,2026-07-17 11:23:38
bcb_sgs_dif_cdi.json,data/final/dashboard/bcb_sgs_dif_cdi.json,data/final/dashboard,.json,50988,0.0486,2026-07-17 11:23:38
bcb_sgs_dif_inadimplencia_pf.json,data/final/dashboard/bcb_sgs_dif_inadimplencia_pf.json,data/final/dashboard,.json,48540,0.0463,2026-07-17 11:23:38
bcb_sgs_dif_inadimplencia_pj.json,data/final/dashboard/bcb_sgs_dif_inadimplencia_pj.json,data/final/dashboard,.json,48332,0.0461,2026-07-17 11:23:38
bcb_sgs_dif_inadimplencia_total.json,data/final/dashboard/bcb_sgs_dif_inadimplencia_total.json,data/final/dashboard,.json,48619,0.0464,2026-07-17 11:23:38
bcb_sgs_dif_juros_credito_total.json,data/final/dashboard/bcb_sgs_dif_juros_credito_total.json,data/final/dashboard,.json,49326,0.047,2026-07-17 11:23:38
bcb_sgs_dif_selic_meta.json,data/final/dashboard/bcb_sgs_dif_selic_meta.json,data/final/dashboard,.json,48442,0.0462,2026-07-17 11:23:38
bcb_sgs_dif_selic_over.json,data/final/dashboard/bcb_sgs_dif_selic_over.json,data/final/dashboard,.json,51009,0.0486,2026-07-17 11:23:38
bcb_sgs_ibc_br.json,data/final/dashboard/bcb_sgs_ibc_br.json,data/final/dashboard,.json,50352,0.048,2026-07-17 11:23:38
bcb_sgs_ibc_br_sa.json,data/final/dashboard/bcb_sgs_ibc_br_sa.json,data/final/dashboard,.json,50264,0.0479,2026-07-17 11:23:38
bcb_sgs_igp_m.json,data/final/dashboard/bcb_sgs_igp_m.json,data/final/dashboard,.json,50939,0.0486,2026-07-17 11:23:38
bcb_sgs_igp_m_acum_12m.json,data/final/dashboard/bcb_sgs_igp_m_acum_12m.json,data/final/dashboard,.json,43377,0.0414,2026-07-17 11:23:38
bcb_sgs_inadimplencia_pf.json,data/final/dashboard/bcb_sgs_inadimplencia_pf.json,data/final/dashboard,.json,49358,0.0471,2026-07-17 11:23:38
bcb_sgs_inadimplencia_pj.json,data/final/dashboard/bcb_sgs_inadimplencia_pj.json,data/final/dashboard,.json,49416,0.0471,2026-07-17 11:23:38
bcb_sgs_inadimplencia_total.json,data/final/dashboard/bcb_sgs_inadimplencia_total.json,data/final/dashboard,.json,49407,0.0471,2026-07-17 11:23:38
bcb_sgs_inpc.json,data/final/dashboard/bcb_sgs_inpc.json,data/final/dashboard,.json,50526,0.0482,2026-07-17 11:23:38
bcb_sgs_inpc_acum_12m.json,data/final/dashboard/bcb_sgs_inpc_acum_12m.json,data/final/dashboard,.json,42902,0.0409,2026-07-17 11:23:38
bcb_sgs_ipca.json,data/final/dashboard/bcb_sgs_ipca.json,data/final/dashboard,.json,50671,0.0483,2026-07-17 11:23:38
bcb_sgs_ipca_acum_12m.json,data/final/dashboard/bcb_sgs_ipca_acum_12m.json,data/final/dashboard,.json,42878,0.0409,2026-07-17 11:23:38
bcb_sgs_juros_credito_total.json,data/final/dashboard/bcb_sgs_juros_credito_total.json,data/final/dashboard,.json,49832,0.0475,2026-07-17 11:23:38
bcb_sgs_reservas_internacionais.json,data/final/dashboard/bcb_sgs_reservas_internacionais.json,data/final/dashboard,.json,52244,0.0498,2026-07-17 11:23:38
bcb_sgs_saldo_credito_pf.json,data/final/dashboard/bcb_sgs_saldo_credito_pf.json,data/final/dashboard,.json,51706,0.0493,2026-07-17 11:23:38
bcb_sgs_saldo_credito_pj.json,data/final/dashboard/bcb_sgs_saldo_credito_pj.json,data/final/dashboard,.json,51630,0.0492,2026-07-17 11:23:38
bcb_sgs_saldo_credito_total.json,data/final/dashboard/bcb_sgs_saldo_credito_total.json,data/final/dashboard,.json,51688,0.0493,2026-07-17 11:23:38
bcb_sgs_selic_meta.json,data/final/dashboard/bcb_sgs_selic_meta.json,data/final/dashboard,.json,50618,0.0483,2026-07-17 11:23:38
bcb_sgs_selic_over.json,data/final/dashboard/bcb_sgs_selic_over.json,data/final/dashboard,.json,52195,0.0498,2026-07-17 11:23:38
bcb_sgs_var_pct_cambio_compra_usd.json,data/final/dashboard/bcb_sgs_var_pct_cambio_compra_usd.json,data/final/dashboard,.json,52960,0.0505,2026-07-17 11:23:38
bcb_sgs_var_pct_cambio_venda_usd.json,data/final/dashboard/bcb_sgs_var_pct_cambio_venda_usd.json,data/final/dashboard,.json,52919,0.0505,2026-07-17 11:23:38
bcb_sgs_var_pct_ibc_br.json,data/final/dashboard/bcb_sgs_var_pct_ibc_br.json,data/final/dashboard,.json,50404,0.0481,2026-07-17 11:23:38
bcb_sgs_var_pct_ibc_br_sa.json,data/final/dashboard/bcb_sgs_var_pct_ibc_br_sa.json,data/final/dashboard,.json,50241,0.0479,2026-07-17 11:23:38
bcb_sgs_var_pct_reservas_internacionais.json,data/final/dashboard/bcb_sgs_var_pct_reservas_internacionais.json,data/final/dashboard,.json,52043,0.0496,2026-07-17 11:23:38
bcb_sgs_var_pct_saldo_credito_pf.json,data/final/dashboard/bcb_sgs_var_pct_saldo_credito_pf.json,data/final/dashboard,.json,50645,0.0483,2026-07-17 11:23:38
bcb_sgs_var_pct_saldo_credito_pj.json,data/final/dashboard/bcb_sgs_var_pct_saldo_credito_pj.json,data/final/dashboard,.json,50989,0.0486,2026-07-17 11:23:38
bcb_sgs_var_pct_saldo_credito_total.json,data/final/dashboard/bcb_sgs_var_pct_saldo_credito_total.json,data/final/dashboard,.json,50907,0.0485,2026-07-17 11:23:38
yahoo_bova11.json,data/final/dashboard/yahoo_bova11.json,data/final/dashboard,.json,53253,0.0508,2026-07-17 11:23:38
yahoo_dolar_real.json,data/final/dashboard/yahoo_dolar_real.json,data/final/dashboard,.json,52048,0.0496,2026-07-17 11:23:38
yahoo_dow_jones.json,data/final/dashboard/yahoo_dow_jones.json,data/final/dashboard,.json,54507,0.052,2026-07-17 11:23:38
yahoo_euro_real.json,data/final/dashboard/yahoo_euro_real.json,data/final/dashboard,.json,52146,0.0497,2026-07-17 11:23:38
yahoo_ibovespa.json,data/final/dashboard/yahoo_ibovespa.json,data/final/dashboard,.json,53006,0.0506,2026-07-17 11:23:38
yahoo_ivvb11.json,data/final/dashboard/yahoo_ivvb11.json,data/final/dashboard,.json,53080,0.0506,2026-07-17 11:23:38
yahoo_milho.json,data/final/dashboard/yahoo_milho.json,data/final/dashboard,.json,51915,0.0495,2026-07-17 11:23:38
yahoo_nasdaq.json,data/final/dashboard/yahoo_nasdaq.json,data/final/dashboard,.json,54589,0.0521,2026-07-17 11:23:38
yahoo_ouro.json,data/final/dashboard/yahoo_ouro.json,data/final/dashboard,.json,53739,0.0512,2026-07-17 11:23:38
yahoo_petroleo_brent.json,data/final/dashboard/yahoo_petroleo_brent.json,data/final/dashboard,.json,53220,0.0508,2026-07-17 11:23:38
yahoo_petroleo_wti.json,data/final/dashboard/yahoo_petroleo_wti.json,data/final/dashboard,.json,53068,0.0506,2026-07-17 11:23:38
yahoo_ret_bova11.json,data/final/dashboard/yahoo_ret_bova11.json,data/final/dashboard,.json,52914,0.0505,2026-07-17 11:23:38
yahoo_ret_dolar_real.json,data/final/dashboard/yahoo_ret_dolar_real.json,data/final/dashboard,.json,52902,0.0505,2026-07-17 11:23:38
yahoo_ret_dow_jones.json,data/final/dashboard/yahoo_ret_dow_jones.json,data/final/dashboard,.json,52824,0.0504,2026-07-17 11:23:38
yahoo_ret_euro_real.json,data/final/dashboard/yahoo_ret_euro_real.json,data/final/dashboard,.json,52819,0.0504,2026-07-17 11:23:38
yahoo_ret_ibovespa.json,data/final/dashboard/yahoo_ret_ibovespa.json,data/final/dashboard,.json,52889,0.0504,2026-07-17 11:23:39
yahoo_ret_ivvb11.json,data/final/dashboard/yahoo_ret_ivvb11.json,data/final/dashboard,.json,52663,0.0502,2026-07-17 11:23:39
yahoo_ret_milho.json,data/final/dashboard/yahoo_ret_milho.json,data/final/dashboard,.json,52917,0.0505,2026-07-17 11:23:39
yahoo_ret_nasdaq.json,data/final/dashboard/yahoo_ret_nasdaq.json,data/final/dashboard,.json,52898,0.0504,2026-07-17 11:23:39
yahoo_ret_ouro.json,data/final/dashboard/yahoo_ret_ouro.json,data/final/dashboard,.json,52865,0.0504,2026-07-17 11:23:39
yahoo_ret_petroleo_brent.json,data/final/dashboard/yahoo_ret_petroleo_brent.json,data/final/dashboard,.json,53082,0.0506,2026-07-17 11:23:39
yahoo_ret_petroleo_wti.json,data/final/dashboard/yahoo_ret_petroleo_wti.json,data/final/dashboard,.json,53057,0.0506,2026-07-17 11:23:39
yahoo_ret_smal11.json,data/final/dashboard/yahoo_ret_smal11.json,data/final/dashboard,.json,52980,0.0505,2026-07-17 11:23:39
yahoo_ret_soja.json,data/final/dashboard/yahoo_ret_soja.json,data/final/dashboard,.json,52913,0.0505,2026-07-17 11:23:39
yahoo_ret_sp500.json,data/final/dashboard/yahoo_ret_sp500.json,data/final/dashboard,.json,52838,0.0504,2026-07-17 11:23:39
yahoo_smal11.json,data/final/dashboard/yahoo_smal11.json,data/final/dashboard,.json,53138,0.0507,2026-07-17 11:23:39
yahoo_soja.json,data/final/dashboard/yahoo_soja.json,data/final/dashboard,.json,52338,0.0499,2026-07-17 11:23:39
yahoo_sp500.json,data/final/dashboard/yahoo_sp500.json,data/final/dashboard,.json,54022,0.0515,2026-07-17 11:23:39
dicionario_variaveis_consolidado.csv,data/final/documentacao/dicionario_variaveis_consolidado.csv,data/final/documentacao,.csv,10939,0.0104,2026-07-17 11:23:37
dicionario_variaveis_consolidado.json,data/final/documentacao/dicionario_variaveis_consolidado.json,data/final/documentacao,.json,36702,0.035,2026-07-17 11:23:37
dicionario_variaveis_consolidado.parquet,data/final/documentacao/dicionario_variaveis_consolidado.parquet,data/final/documentacao,.parquet,13127,0.0125,2026-07-17 11:23:37
dicionario_variaveis_consolidado.xlsx,data/final/documentacao/dicionario_variaveis_consolidado.xlsx,data/final/documentacao,.xlsx,10156,0.0097,2026-07-17 11:23:37
lista_arquivos_disponiveis.csv,data/final/documentacao/lista_arquivos_disponiveis.csv,data/final/documentacao,.csv,32060,0.0306,2026-07-17 11:22:59
lista_arquivos_disponiveis.xlsx,data/final/documentacao/lista_arquivos_disponiveis.xlsx,data/final/documentacao,.xlsx,15010,0.0143,2026-07-17 11:22:59
lista_dashboards.csv,data/final/documentacao/lista_dashboards.csv,data/final/documentacao,.csv,11685,0.0111,2026-07-17 11:23:39
lista_dashboards.xlsx,data/final/documentacao/lista_dashboards.xlsx,data/final/documentacao,.xlsx,8846,0.0084,2026-07-17 11:23:39
lista_series_individuais.csv,data/final/documentacao/lista_series_individuais.csv,data/final/documentacao,.csv,10491,0.01,2026-07-17 11:23:38
lista_series_individuais.xlsx,data/final/documentacao/lista_series_individuais.xlsx,data/final/documentacao,.xlsx,8060,0.0077,2026-07-17 11:23:38
resumo_site.json,data/final/documentacao/resumo_site.json,data/final/documentacao,.json,672,0.0006,2026-07-17 11:22:59
ultima_atualizacao.json,data/final/documentacao/ultima_atualizacao.json,data/final/documentacao,.json,289,0.0003,2026-07-17 11:22:59
bcb_sgs_cambio_compra_usd.csv,data/final/series/bcb_sgs_cambio_compra_usd.csv,data/final/series,.csv,1105,0.0011,2026-07-17 11:23:37
bcb_sgs_cambio_compra_usd.xlsx,data/final/series/bcb_sgs_cambio_compra_usd.xlsx,data/final/series,.xlsx,5873,0.0056,2026-07-17 11:23:37
bcb_sgs_cambio_venda_usd.csv,data/final/series/bcb_sgs_cambio_venda_usd.csv,data/final/series,.csv,1108,0.0011,2026-07-17 11:23:37
bcb_sgs_cambio_venda_usd.xlsx,data/final/series/bcb_sgs_cambio_venda_usd.xlsx,data/final/series,.xlsx,5879,0.0056,2026-07-17 11:23:37
bcb_sgs_cdi.csv,data/final/series/bcb_sgs_cdi.csv,data/final/series,.csv,1226,0.0012,2026-07-17 11:23:37
bcb_sgs_cdi.xlsx,data/final/series/bcb_sgs_cdi.xlsx,data/final/series,.xlsx,5818,0.0055,2026-07-17 11:23:37
bcb_sgs_dif_cdi.csv,data/final/series/bcb_sgs_dif_cdi.csv,data/final/series,.csv,1135,0.0011,2026-07-17 11:23:38
bcb_sgs_dif_cdi.xlsx,data/final/series/bcb_sgs_dif_cdi.xlsx,data/final/series,.xlsx,5812,0.0055,2026-07-17 11:23:38
bcb_sgs_dif_inadimplencia_pf.csv,data/final/series/bcb_sgs_dif_inadimplencia_pf.csv,data/final/series,.csv,954,0.0009,2026-07-17 11:23:38
bcb_sgs_dif_inadimplencia_pf.xlsx,data/final/series/bcb_sgs_dif_inadimplencia_pf.xlsx,data/final/series,.xlsx,5725,0.0055,2026-07-17 11:23:38
bcb_sgs_dif_inadimplencia_pj.csv,data/final/series/bcb_sgs_dif_inadimplencia_pj.csv,data/final/series,.csv,954,0.0009,2026-07-17 11:23:38
bcb_sgs_dif_inadimplencia_pj.xlsx,data/final/series/bcb_sgs_dif_inadimplencia_pj.xlsx,data/final/series,.xlsx,5736,0.0055,2026-07-17 11:23:38
bcb_sgs_dif_inadimplencia_total.csv,data/final/series/bcb_sgs_dif_inadimplencia_total.csv,data/final/series,.csv,958,0.0009,2026-07-17 11:23:38
bcb_sgs_dif_inadimplencia_total.xlsx,data/final/series/bcb_sgs_dif_inadimplencia_total.xlsx,data/final/series,.xlsx,5731,0.0055,2026-07-17 11:23:38
bcb_sgs_dif_juros_credito_total.csv,data/final/series/bcb_sgs_dif_juros_credito_total.csv,data/final/series,.csv,958,0.0009,2026-07-17 11:23:38
bcb_sgs_dif_juros_credito_total.xlsx,data/final/series/bcb_sgs_dif_juros_credito_total.xlsx,data/final/series,.xlsx,5764,0.0055,2026-07-17 11:23:38
bcb_sgs_dif_selic_meta.csv,data/final/series/bcb_sgs_dif_selic_meta.csv,data/final/series,.csv,930,0.0009,2026-07-17 11:23:38
bcb_sgs_dif_selic_meta.xlsx,data/final/series/bcb_sgs_dif_selic_meta.xlsx,data/final/series,.xlsx,5660,0.0054,2026-07-17 11:23:38
bcb_sgs_dif_selic_over.csv,data/final/series/bcb_sgs_dif_selic_over.csv,data/final/series,.csv,1135,0.0011,2026-07-17 11:23:38
bcb_sgs_dif_selic_over.xlsx,data/final/series/bcb_sgs_dif_selic_over.xlsx,data/final/series,.xlsx,5812,0.0055,2026-07-17 11:23:38
bcb_sgs_ibc_br.csv,data/final/series/bcb_sgs_ibc_br.csv,data/final/series,.csv,1209,0.0012,2026-07-17 11:23:37
bcb_sgs_ibc_br.xlsx,data/final/series/bcb_sgs_ibc_br.xlsx,data/final/series,.xlsx,5933,0.0057,2026-07-17 11:23:37
bcb_sgs_ibc_br_sa.csv,data/final/series/bcb_sgs_ibc_br_sa.csv,data/final/series,.csv,1215,0.0012,2026-07-17 11:23:37
bcb_sgs_ibc_br_sa.xlsx,data/final/series/bcb_sgs_ibc_br_sa.xlsx,data/final/series,.xlsx,5903,0.0056,2026-07-17 11:23:37
bcb_sgs_igp_m.csv,data/final/series/bcb_sgs_igp_m.csv,data/final/series,.csv,991,0.0009,2026-07-17 11:23:37
bcb_sgs_igp_m.xlsx,data/final/series/bcb_sgs_igp_m.xlsx,data/final/series,.xlsx,5804,0.0055,2026-07-17 11:23:37
bcb_sgs_igp_m_acum_12m.csv,data/final/series/bcb_sgs_igp_m_acum_12m.csv,data/final/series,.csv,1008,0.001,2026-07-17 11:23:38
bcb_sgs_igp_m_acum_12m.xlsx,data/final/series/bcb_sgs_igp_m_acum_12m.xlsx,data/final/series,.xlsx,5809,0.0055,2026-07-17 11:23:38
bcb_sgs_inadimplencia_pf.csv,data/final/series/bcb_sgs_inadimplencia_pf.csv,data/final/series,.csv,955,0.0009,2026-07-17 11:23:38
bcb_sgs_inadimplencia_pf.xlsx,data/final/series/bcb_sgs_inadimplencia_pf.xlsx,data/final/series,.xlsx,5761,0.0055,2026-07-17 11:23:38
bcb_sgs_inadimplencia_pj.csv,data/final/series/bcb_sgs_inadimplencia_pj.csv,data/final/series,.csv,952,0.0009,2026-07-17 11:23:38
bcb_sgs_inadimplencia_pj.xlsx,data/final/series/bcb_sgs_inadimplencia_pj.xlsx,data/final/series,.xlsx,5748,0.0055,2026-07-17 11:23:38
bcb_sgs_inadimplencia_total.csv,data/final/series/bcb_sgs_inadimplencia_total.csv,data/final/series,.csv,954,0.0009,2026-07-17 11:23:37
bcb_sgs_inadimplencia_total.xlsx,data/final/series/bcb_sgs_inadimplencia_total.xlsx,data/final/series,.xlsx,5751,0.0055,2026-07-17 11:23:38
bcb_sgs_inpc.csv,data/final/series/bcb_sgs_inpc.csv,data/final/series,.csv,974,0.0009,2026-07-17 11:23:37
bcb_sgs_inpc.xlsx,data/final/series/bcb_sgs_inpc.xlsx,data/final/series,.xlsx,5786,0.0055,2026-07-17 11:23:37
bcb_sgs_inpc_acum_12m.csv,data/final/series/bcb_sgs_inpc_acum_12m.csv,data/final/series,.csv,994,0.0009,2026-07-17 11:23:38
bcb_sgs_inpc_acum_12m.xlsx,data/final/series/bcb_sgs_inpc_acum_12m.xlsx,data/final/series,.xlsx,5774,0.0055,2026-07-17 11:23:38
bcb_sgs_ipca.csv,data/final/series/bcb_sgs_ipca.csv,data/final/series,.csv,979,0.0009,2026-07-17 11:23:37
bcb_sgs_ipca.xlsx,data/final/series/bcb_sgs_ipca.xlsx,data/final/series,.xlsx,5777,0.0055,2026-07-17 11:23:37
bcb_sgs_ipca_acum_12m.csv,data/final/series/bcb_sgs_ipca_acum_12m.csv,data/final/series,.csv,990,0.0009,2026-07-17 11:23:38
bcb_sgs_ipca_acum_12m.xlsx,data/final/series/bcb_sgs_ipca_acum_12m.xlsx,data/final/series,.xlsx,5774,0.0055,2026-07-17 11:23:38
bcb_sgs_juros_credito_total.csv,data/final/series/bcb_sgs_juros_credito_total.csv,data/final/series,.csv,1012,0.001,2026-07-17 11:23:38
bcb_sgs_juros_credito_total.xlsx,data/final/series/bcb_sgs_juros_credito_total.xlsx,data/final/series,.xlsx,5799,0.0055,2026-07-17 11:23:38
bcb_sgs_reservas_internacionais.csv,data/final/series/bcb_sgs_reservas_internacionais.csv,data/final/series,.csv,1214,0.0012,2026-07-17 11:23:38
bcb_sgs_reservas_internacionais.xlsx,data/final/series/bcb_sgs_reservas_internacionais.xlsx,data/final/series,.xlsx,5883,0.0056,2026-07-17 11:23:38
bcb_sgs_saldo_credito_pf.csv,data/final/series/bcb_sgs_saldo_credito_pf.csv,data/final/series,.csv,1253,0.0012,2026-07-17 11:23:37
bcb_sgs_saldo_credito_pf.xlsx,data/final/series/bcb_sgs_saldo_credito_pf.xlsx,data/final/series,.xlsx,5910,0.0056,2026-07-17 11:23:37
bcb_sgs_saldo_credito_pj.csv,data/final/series/bcb_sgs_saldo_credito_pj.csv,data/final/series,.csv,1253,0.0012,2026-07-17 11:23:37
bcb_sgs_saldo_credito_pj.xlsx,data/final/series/bcb_sgs_saldo_credito_pj.xlsx,data/final/series,.xlsx,5895,0.0056,2026-07-17 11:23:37
bcb_sgs_saldo_credito_total.csv,data/final/series/bcb_sgs_saldo_credito_total.csv,data/final/series,.csv,1253,0.0012,2026-07-17 11:23:37
bcb_sgs_saldo_credito_total.xlsx,data/final/series/bcb_sgs_saldo_credito_total.xlsx,data/final/series,.xlsx,5917,0.0056,2026-07-17 11:23:37
bcb_sgs_selic_meta.csv,data/final/series/bcb_sgs_selic_meta.csv,data/final/series,.csv,1029,0.001,2026-07-17 11:23:37
bcb_sgs_selic_meta.xlsx,data/final/series/bcb_sgs_selic_meta.xlsx,data/final/series,.xlsx,5690,0.0054,2026-07-17 11:23:37
bcb_sgs_selic_over.csv,data/final/series/bcb_sgs_selic_over.csv,data/final/series,.csv,1226,0.0012,2026-07-17 11:23:37
bcb_sgs_selic_over.xlsx,data/final/series/bcb_sgs_selic_over.xlsx,data/final/series,.xlsx,5818,0.0055,2026-07-17 11:23:37
bcb_sgs_var_pct_cambio_compra_usd.csv,data/final/series/bcb_sgs_var_pct_cambio_compra_usd.csv,data/final/series,.csv,1237,0.0012,2026-07-17 11:23:38
bcb_sgs_var_pct_cambio_compra_usd.xlsx,data/final/series/bcb_sgs_var_pct_cambio_compra_usd.xlsx,data/final/series,.xlsx,5975,0.0057,2026-07-17 11:23:38
bcb_sgs_var_pct_cambio_venda_usd.csv,data/final/series/bcb_sgs_var_pct_cambio_venda_usd.csv,data/final/series,.csv,1236,0.0012,2026-07-17 11:23:38
bcb_sgs_var_pct_cambio_venda_usd.xlsx,data/final/series/bcb_sgs_var_pct_cambio_venda_usd.xlsx,data/final/series,.xlsx,5983,0.0057,2026-07-17 11:23:38
bcb_sgs_var_pct_ibc_br.csv,data/final/series/bcb_sgs_var_pct_ibc_br.csv,data/final/series,.csv,1184,0.0011,2026-07-17 11:23:38
bcb_sgs_var_pct_ibc_br.xlsx,data/final/series/bcb_sgs_var_pct_ibc_br.xlsx,data/final/series,.xlsx,5944,0.0057,2026-07-17 11:23:38
bcb_sgs_var_pct_ibc_br_sa.csv,data/final/series/bcb_sgs_var_pct_ibc_br_sa.csv,data/final/series,.csv,1164,0.0011,2026-07-17 11:23:38
bcb_sgs_var_pct_ibc_br_sa.xlsx,data/final/series/bcb_sgs_var_pct_ibc_br_sa.xlsx,data/final/series,.xlsx,5894,0.0056,2026-07-17 11:23:38
bcb_sgs_var_pct_reservas_internacionais.csv,data/final/series/bcb_sgs_var_pct_reservas_internacionais.csv,data/final/series,.csv,1217,0.0012,2026-07-17 11:23:38
bcb_sgs_var_pct_reservas_internacionais.xlsx,data/final/series/bcb_sgs_var_pct_reservas_internacionais.xlsx,data/final/series,.xlsx,5956,0.0057,2026-07-17 11:23:38
bcb_sgs_var_pct_saldo_credito_pf.csv,data/final/series/bcb_sgs_var_pct_saldo_credito_pf.csv,data/final/series,.csv,1170,0.0011,2026-07-17 11:23:38
bcb_sgs_var_pct_saldo_credito_pf.xlsx,data/final/series/bcb_sgs_var_pct_saldo_credito_pf.xlsx,data/final/series,.xlsx,5918,0.0056,2026-07-17 11:23:38
bcb_sgs_var_pct_saldo_credito_pj.csv,data/final/series/bcb_sgs_var_pct_saldo_credito_pj.csv,data/final/series,.csv,1185,0.0011,2026-07-17 11:23:38
bcb_sgs_var_pct_saldo_credito_pj.xlsx,data/final/series/bcb_sgs_var_pct_saldo_credito_pj.xlsx,data/final/series,.xlsx,5940,0.0057,2026-07-17 11:23:38
bcb_sgs_var_pct_saldo_credito_total.csv,data/final/series/bcb_sgs_var_pct_saldo_credito_total.csv,data/final/series,.csv,1173,0.0011,2026-07-17 11:23:38
bcb_sgs_var_pct_saldo_credito_total.xlsx,data/final/series/bcb_sgs_var_pct_saldo_credito_total.xlsx,data/final/series,.xlsx,5917,0.0056,2026-07-17 11:23:38
yahoo_bova11.csv,data/final/series/yahoo_bova11.csv,data/final/series,.csv,1307,0.0012,2026-07-17 11:23:37
yahoo_bova11.xlsx,data/final/series/yahoo_bova11.xlsx,data/final/series,.xlsx,5936,0.0057,2026-07-17 11:23:37
yahoo_dolar_real.csv,data/final/series/yahoo_dolar_real.csv,data/final/series,.csv,1107,0.0011,2026-07-17 11:23:37
yahoo_dolar_real.xlsx,data/final/series/yahoo_dolar_real.xlsx,data/final/series,.xlsx,5865,0.0056,2026-07-17 11:23:37
yahoo_dow_jones.csv,data/final/series/yahoo_dow_jones.csv,data/final/series,.csv,1463,0.0014,2026-07-17 11:23:37
yahoo_dow_jones.xlsx,data/final/series/yahoo_dow_jones.xlsx,data/final/series,.xlsx,6068,0.0058,2026-07-17 11:23:37
yahoo_euro_real.csv,data/final/series/yahoo_euro_real.csv,data/final/series,.csv,1142,0.0011,2026-07-17 11:23:37
yahoo_euro_real.xlsx,data/final/series/yahoo_euro_real.xlsx,data/final/series,.xlsx,5879,0.0056,2026-07-17 11:23:37
yahoo_ibovespa.csv,data/final/series/yahoo_ibovespa.csv,data/final/series,.csv,1233,0.0012,2026-07-17 11:23:37
yahoo_ibovespa.xlsx,data/final/series/yahoo_ibovespa.xlsx,data/final/series,.xlsx,5895,0.0056,2026-07-17 11:23:37
yahoo_ivvb11.csv,data/final/series/yahoo_ivvb11.csv,data/final/series,.csv,1271,0.0012,2026-07-17 11:23:37
yahoo_ivvb11.xlsx,data/final/series/yahoo_ivvb11.xlsx,data/final/series,.xlsx,5921,0.0056,2026-07-17 11:23:37
yahoo_milho.csv,data/final/series/yahoo_milho.csv,data/final/series,.csv,1080,0.001,2026-07-17 11:23:37
yahoo_milho.xlsx,data/final/series/yahoo_milho.xlsx,data/final/series,.xlsx,5828,0.0056,2026-07-17 11:23:37
yahoo_nasdaq.csv,data/final/series/yahoo_nasdaq.csv,data/final/series,.csv,1471,0.0014,2026-07-17 11:23:37
yahoo_nasdaq.xlsx,data/final/series/yahoo_nasdaq.xlsx,data/final/series,.xlsx,6076,0.0058,2026-07-17 11:23:37
yahoo_ouro.csv,data/final/series/yahoo_ouro.csv,data/final/series,.csv,1347,0.0013,2026-07-17 11:23:37
yahoo_ouro.xlsx,data/final/series/yahoo_ouro.xlsx,data/final/series,.xlsx,5916,0.0056,2026-07-17 11:23:37
yahoo_petroleo_brent.csv,data/final/series/yahoo_petroleo_brent.csv,data/final/series,.csv,1287,0.0012,2026-07-17 11:23:37
yahoo_petroleo_brent.xlsx,data/final/series/yahoo_petroleo_brent.xlsx,data/final/series,.xlsx,5959,0.0057,2026-07-17 11:23:37
yahoo_petroleo_wti.csv,data/final/series/yahoo_petroleo_wti.csv,data/final/series,.csv,1266,0.0012,2026-07-17 11:23:37
yahoo_petroleo_wti.xlsx,data/final/series/yahoo_petroleo_wti.xlsx,data/final/series,.xlsx,5938,0.0057,2026-07-17 11:23:37
yahoo_ret_bova11.csv,data/final/series/yahoo_ret_bova11.csv,data/final/series,.csv,1242,0.0012,2026-07-17 11:23:37
yahoo_ret_bova11.xlsx,data/final/series/yahoo_ret_bova11.xlsx,data/final/series,.xlsx,5995,0.0057,2026-07-17 11:23:37
yahoo_ret_dolar_real.csv,data/final/series/yahoo_ret_dolar_real.csv,data/final/series,.csv,1240,0.0012,2026-07-17 11:23:37
yahoo_ret_dolar_real.xlsx,data/final/series/yahoo_ret_dolar_real.xlsx,data/final/series,.xlsx,5994,0.0057,2026-07-17 11:23:37
yahoo_ret_dow_jones.csv,data/final/series/yahoo_ret_dow_jones.csv,data/final/series,.csv,1233,0.0012,2026-07-17 11:23:37
yahoo_ret_dow_jones.xlsx,data/final/series/yahoo_ret_dow_jones.xlsx,data/final/series,.xlsx,5994,0.0057,2026-07-17 11:23:37
yahoo_ret_euro_real.csv,data/final/series/yahoo_ret_euro_real.csv,data/final/series,.csv,1239,0.0012,2026-07-17 11:23:37
yahoo_ret_euro_real.xlsx,data/final/series/yahoo_ret_euro_real.xlsx,data/final/series,.xlsx,5976,0.0057,2026-07-17 11:23:37
yahoo_ret_ibovespa.csv,data/final/series/yahoo_ret_ibovespa.csv,data/final/series,.csv,1238,0.0012,2026-07-17 11:23:37
yahoo_ret_ibovespa.xlsx,data/final/series/yahoo_ret_ibovespa.xlsx,data/final/series,.xlsx,6008,0.0057,2026-07-17 11:23:37
yahoo_ret_ivvb11.csv,data/final/series/yahoo_ret_ivvb11.csv,data/final/series,.csv,1230,0.0012,2026-07-17 11:23:37
yahoo_ret_ivvb11.xlsx,data/final/series/yahoo_ret_ivvb11.xlsx,data/final/series,.xlsx,5994,0.0057,2026-07-17 11:23:37
yahoo_ret_milho.csv,data/final/series/yahoo_ret_milho.csv,data/final/series,.csv,1236,0.0012,2026-07-17 11:23:37
yahoo_ret_milho.xlsx,data/final/series/yahoo_ret_milho.xlsx,data/final/series,.xlsx,6015,0.0057,2026-07-17 11:23:37
yahoo_ret_nasdaq.csv,data/final/series/yahoo_ret_nasdaq.csv,data/final/series,.csv,1238,0.0012,2026-07-17 11:23:37
yahoo_ret_nasdaq.xlsx,data/final/series/yahoo_ret_nasdaq.xlsx,data/final/series,.xlsx,6013,0.0057,2026-07-17 11:23:37
yahoo_ret_ouro.csv,data/final/series/yahoo_ret_ouro.csv,data/final/series,.csv,1240,0.0012,2026-07-17 11:23:37
yahoo_ret_ouro.xlsx,data/final/series/yahoo_ret_ouro.xlsx,data/final/series,.xlsx,6008,0.0057,2026-07-17 11:23:37
yahoo_ret_petroleo_brent.csv,data/final/series/yahoo_ret_petroleo_brent.csv,data/final/series,.csv,1253,0.0012,2026-07-17 11:23:37
yahoo_ret_petroleo_brent.xlsx,data/final/series/yahoo_ret_petroleo_brent.xlsx,data/final/series,.xlsx,6029,0.0057,2026-07-17 11:23:37
yahoo_ret_petroleo_wti.csv,data/final/series/yahoo_ret_petroleo_wti.csv,data/final/series,.csv,1250,0.0012,2026-07-17 11:23:37
yahoo_ret_petroleo_wti.xlsx,data/final/series/yahoo_ret_petroleo_wti.xlsx,data/final/series,.xlsx,6020,0.0057,2026-07-17 11:23:37
yahoo_ret_smal11.csv,data/final/series/yahoo_ret_smal11.csv,data/final/series,.csv,1250,0.0012,2026-07-17 11:23:37
yahoo_ret_smal11.xlsx,data/final/series/yahoo_ret_smal11.xlsx,data/final/series,.xlsx,6015,0.0057,2026-07-17 11:23:37
yahoo_ret_soja.csv,data/final/series/yahoo_ret_soja.csv,data/final/series,.csv,1236,0.0012,2026-07-17 11:23:37
yahoo_ret_soja.xlsx,data/final/series/yahoo_ret_soja.xlsx,data/final/series,.xlsx,6017,0.0057,2026-07-17 11:23:37
yahoo_ret_sp500.csv,data/final/series/yahoo_ret_sp500.csv,data/final/series,.csv,1231,0.0012,2026-07-17 11:23:37
yahoo_ret_sp500.xlsx,data/final/series/yahoo_ret_sp500.xlsx,data/final/series,.xlsx,6002,0.0057,2026-07-17 11:23:37
yahoo_smal11.csv,data/final/series/yahoo_smal11.csv,data/final/series,.csv,1266,0.0012,2026-07-17 11:23:37
yahoo_smal11.xlsx,data/final/series/yahoo_smal11.xlsx,data/final/series,.xlsx,5917,0.0056,2026-07-17 11:23:37
yahoo_soja.csv,data/final/series/yahoo_soja.csv,data/final/series,.csv,1139,0.0011,2026-07-17 11:23:37
yahoo_soja.xlsx,data/final/series/yahoo_soja.xlsx,data/final/series,.xlsx,5834,0.0056,2026-07-17 11:23:37
yahoo_sp500.csv,data/final/series/yahoo_sp500.csv,data/final/series,.csv,1385,0.0013,2026-07-17 11:23:37
yahoo_sp500.xlsx,data/final/series/yahoo_sp500.xlsx,data/final/series,.xlsx,6030,0.0058,2026-07-17 11:23:37
base_yahoo_mensal_larga.csv,data/final/yahoo/base_yahoo_mensal_larga.csv,data/final/yahoo,.csv,17079,0.0163,2026-07-17 11:23:14
base_yahoo_mensal_larga.json,data/final/yahoo/base_yahoo_mensal_larga.json,data/final/yahoo,.json,56060,0.0535,2026-07-17 11:23:15
base_yahoo_mensal_larga.parquet,data/final/yahoo/base_yahoo_mensal_larga.parquet,data/final/yahoo,.parquet,31025,0.0296,2026-07-17 11:23:15
base_yahoo_mensal_larga.xlsx,data/final/yahoo/base_yahoo_mensal_larga.xlsx,data/final/yahoo,.xlsx,19033,0.0182,2026-07-17 11:23:15
base_yahoo_mensal_longa.csv,data/final/yahoo/base_yahoo_mensal_longa.csv,data/final/yahoo,.csv,133372,0.1272,2026-07-17 11:23:15
base_yahoo_mensal_longa.json,data/final/yahoo/base_yahoo_mensal_longa.json,data/final/yahoo,.json,427184,0.4074,2026-07-17 11:23:15
base_yahoo_mensal_longa.parquet,data/final/yahoo/base_yahoo_mensal_longa.parquet,data/final/yahoo,.parquet,23548,0.0225,2026-07-17 11:23:15
base_yahoo_mensal_longa.xlsx,data/final/yahoo/base_yahoo_mensal_longa.xlsx,data/final/yahoo,.xlsx,60804,0.058,2026-07-17 11:23:15
dicionario_variaveis_yahoo.csv,data/final/yahoo/dicionario_variaveis_yahoo.csv,data/final/yahoo,.csv,5292,0.005,2026-07-17 11:23:15
dicionario_variaveis_yahoo.json,data/final/yahoo/dicionario_variaveis_yahoo.json,data/final/yahoo,.json,15205,0.0145,2026-07-17 11:23:15
dicionario_variaveis_yahoo.parquet,data/final/yahoo/dicionario_variaveis_yahoo.parquet,data/final/yahoo,.parquet,9745,0.0093,2026-07-17 11:23:15
dicionario_variaveis_yahoo.xlsx,data/final/yahoo/dicionario_variaveis_yahoo.xlsx,data/final/yahoo,.xlsx,7126,0.0068,2026-07-17 11:23:15
resumo_disponibilidade_yahoo.csv,data/final/yahoo/resumo_disponibilidade_yahoo.csv,data/final/yahoo,.csv,820,0.0008,2026-07-17 11:23:15
resumo_disponibilidade_yahoo.json,data/final/yahoo/resumo_disponibilidade_yahoo.json,data/final/yahoo,.json,3308,0.0032,2026-07-17 11:23:15
resumo_disponibilidade_yahoo.parquet,data/final/yahoo/resumo_disponibilidade_yahoo.parquet,data/final/yahoo,.parquet,4574,0.0044,2026-07-17 11:23:15
resumo_disponibilidade_yahoo.xlsx,data/final/yahoo/resumo_disponibilidade_yahoo.xlsx,data/final/yahoo,.xlsx,5564,0.0053,2026-07-17 11:23:15
